filename,width,height,class,xmin,ymin,xmax,ymax
575.jpg,960,1280,san_bernardo,429,165,520,430
900.jpg,960,1280,san_bernardo,122,527,288,867
837.jpg,960,1280,san_bernardo,603,234,734,670
638.jpg,960,1280,san_bernardo,257,425,577,693
110.jpg,960,1280,san_bernardo,336,35,658,1196
212.jpg,960,1280,san_bernardo,241,344,571,1136
677.jpg,960,1280,san_bernardo,706,271,944,1010
781.jpg,960,1280,san_bernardo,401,27,591,705
466.jpg,960,1280,san_bernardo,400,142,583,791
247.jpg,960,1280,san_bernardo,275,248,624,1086
378.jpg,1280,960,san_bernardo,61,154,1150,784
134.jpg,960,1280,san_bernardo,399,325,566,920
17.jpg,960,1280,san_bernardo,315,75,567,978
964.jpg,960,1280,san_bernardo,350,160,564,985
30.jpg,960,1280,san_bernardo,361,270,532,881
841.jpg,960,1280,san_bernardo,488,179,732,1034
124.jpg,960,1280,san_bernardo,358,185,571,945
764.jpg,960,1280,san_bernardo,295,187,482,752
309.jpg,1280,960,san_bernardo,252,438,981,650
696.jpg,960,1280,san_bernardo,295,312,473,891
29.jpg,960,1280,san_bernardo,353,266,524,879
370.jpg,1280,960,san_bernardo,252,399,1044,607
987.jpg,960,1280,san_bernardo,361,295,524,870
406.jpg,1280,960,san_bernardo,284,175,981,480
239.jpg,960,1280,san_bernardo,269,227,658,1087
786.jpg,960,1280,san_bernardo,354,157,529,836
996.jpg,960,1280,san_bernardo,354,296,519,867
903.jpg,960,1280,san_bernardo,693,279,819,760
315.jpg,1280,960,san_bernardo,99,128,1220,790
515.jpg,960,1280,san_bernardo,367,570,649,675
26.jpg,960,1280,san_bernardo,351,265,523,880
759.jpg,960,1280,san_bernardo,363,370,515,863
560.jpg,960,1280,san_bernardo,423,404,507,632
632.jpg,960,1280,san_bernardo,322,477,553,829
744.jpg,960,1280,san_bernardo,355,209,494,736
163.jpg,960,1280,san_bernardo,324,241,631,1036
67.jpg,960,1280,san_bernardo,360,491,586,1062
658.jpg,960,1280,san_bernardo,319,404,406,646
932.jpg,960,1280,san_bernardo,178,348,328,845
140.jpg,960,1280,san_bernardo,403,325,567,928
65.jpg,960,1280,san_bernardo,387,478,592,1010
584.jpg,960,1280,san_bernardo,289,327,390,648
157.jpg,960,1280,san_bernardo,346,274,662,1045
743.jpg,960,1280,san_bernardo,300,228,441,731
795.jpg,960,1280,san_bernardo,444,478,515,672
686.jpg,960,1280,san_bernardo,323,136,598,1019
332.jpg,1280,960,san_bernardo,319,299,902,660
848.jpg,960,1280,san_bernardo,218,479,408,937
946.jpg,960,1280,san_bernardo,544,228,649,639
651.jpg,960,1280,san_bernardo,197,291,340,762
473.jpg,960,1280,san_bernardo,411,390,514,733
272.jpg,960,1280,san_bernardo,391,476,540,837
775.jpg,960,1280,san_bernardo,276,402,769,968
129.jpg,960,1280,san_bernardo,364,200,573,941
896.jpg,960,1280,san_bernardo,442,306,568,655
273.jpg,960,1280,san_bernardo,360,459,517,849
692.jpg,960,1280,san_bernardo,504,240,606,619
749.jpg,960,1280,san_bernardo,355,193,525,816
137.jpg,960,1280,san_bernardo,404,333,573,929
833.jpg,960,1280,san_bernardo,331,538,459,889
423.jpg,1280,960,san_bernardo,71,87,1169,562
449.jpg,960,1280,san_bernardo,404,334,479,536
733.jpg,960,1280,san_bernardo,375,501,467,770
233.jpg,960,1280,san_bernardo,232,210,624,1235
411.jpg,1280,960,san_bernardo,431,273,864,476
66.jpg,960,1280,san_bernardo,379,460,590,1000
303.jpg,1280,960,san_bernardo,486,332,902,509
542.jpg,960,1280,san_bernardo,431,399,491,583
392.jpg,1280,960,san_bernardo,27,321,1261,653
911.jpg,960,1280,san_bernardo,255,372,396,726
322.jpg,1280,960,san_bernardo,45,350,1272,661
776.jpg,960,1280,san_bernardo,333,506,617,1199
422.jpg,1280,960,san_bernardo,285,244,908,616
731.jpg,960,1280,san_bernardo,323,322,413,635
425.jpg,1280,960,san_bernardo,390,211,904,425
894.jpg,960,1280,san_bernardo,230,257,382,772
944.jpg,960,1280,san_bernardo,219,167,376,753
921.jpg,960,1280,san_bernardo,72,201,253,790
373.jpg,1280,960,san_bernardo,226,326,1035,547
551.jpg,960,1280,san_bernardo,310,198,528,907
20.jpg,960,1280,san_bernardo,387,279,539,859
562.jpg,960,1280,san_bernardo,442,390,525,656
727.jpg,960,1280,san_bernardo,289,273,461,795
306.jpg,1280,960,san_bernardo,89,350,1220,638
926.jpg,960,1280,san_bernardo,518,264,635,689
209.jpg,960,1280,san_bernardo,362,369,560,875
179.jpg,960,1280,san_bernardo,394,408,537,833
39.jpg,960,1280,san_bernardo,420,341,524,708
578.jpg,960,1280,san_bernardo,461,318,575,713
897.jpg,960,1280,san_bernardo,544,402,686,772
516.jpg,960,1280,san_bernardo,358,534,628,654
231.jpg,960,1280,san_bernardo,285,219,653,1160
147.jpg,960,1280,san_bernardo,407,361,532,795
185.jpg,960,1280,san_bernardo,367,412,542,873
481.jpg,960,1280,san_bernardo,533,531,638,865
624.jpg,960,1280,san_bernardo,373,375,446,616
644.jpg,960,1280,san_bernardo,310,179,578,1025
419.jpg,1280,960,san_bernardo,391,409,877,541
407.jpg,1280,960,san_bernardo,377,227,869,438
716.jpg,960,1280,san_bernardo,299,591,566,900
480.jpg,960,1280,san_bernardo,557,505,612,695
366.jpg,1280,960,san_bernardo,320,325,995,623
437.jpg,960,1280,san_bernardo,400,423,577,790
678.jpg,960,1280,san_bernardo,603,366,808,1077
628.jpg,960,1280,san_bernardo,181,307,436,1175
548.jpg,960,1280,san_bernardo,387,119,635,978
577.jpg,960,1280,san_bernardo,391,318,508,720
783.jpg,960,1280,san_bernardo,360,139,539,798
523.jpg,960,1280,san_bernardo,389,514,608,683
899.jpg,960,1280,san_bernardo,452,327,605,743
691.jpg,960,1280,san_bernardo,453,292,541,626
323.jpg,1280,960,san_bernardo,409,430,898,568
770.jpg,960,1280,san_bernardo,314,445,528,854
571.jpg,960,1280,san_bernardo,441,444,490,623
849.jpg,960,1280,san_bernardo,500,624,733,1140
637.jpg,960,1280,san_bernardo,249,488,673,678
416.jpg,1280,960,san_bernardo,73,260,1215,559
222.jpg,960,1280,san_bernardo,360,329,619,1011
603.jpg,960,1280,san_bernardo,256,90,567,1120
207.jpg,960,1280,san_bernardo,373,416,574,887
743.jpg,960,1280,san_bernardo,529,385,626,733
668.jpg,960,1280,san_bernardo,596,455,713,749
451.jpg,960,1280,san_bernardo,411,453,484,639
927.jpg,960,1280,san_bernardo,430,244,532,650
854.jpg,960,1280,san_bernardo,250,270,405,799
773.jpg,960,1280,san_bernardo,202,605,773,774
940.jpg,960,1280,san_bernardo,778,244,898,679
593.jpg,960,1280,san_bernardo,376,231,544,781
839.jpg,960,1280,san_bernardo,419,275,535,728
547.jpg,960,1280,san_bernardo,470,75,728,941
152.jpg,960,1280,san_bernardo,303,250,648,1079
404.jpg,1280,960,san_bernardo,312,235,898,648
769.jpg,960,1280,san_bernardo,354,274,514,814
385.jpg,1280,960,san_bernardo,356,205,966,642
41.jpg,960,1280,san_bernardo,413,356,513,721
910.jpg,960,1280,san_bernardo,166,420,343,817
836.jpg,960,1280,san_bernardo,601,263,730,719
186.jpg,960,1280,san_bernardo,365,425,529,885
167.jpg,960,1280,san_bernardo,315,310,592,961
809.jpg,960,1280,san_bernardo,229,459,376,887
634.jpg,960,1280,san_bernardo,362,471,668,811
855.jpg,960,1280,san_bernardo,440,333,585,793
395.jpg,1280,960,san_bernardo,385,351,885,491
83.jpg,960,1280,san_bernardo,410,467,585,970
990.jpg,960,1280,san_bernardo,354,290,521,868
821.jpg,960,1280,san_bernardo,705,221,881,773
319.jpg,1280,960,san_bernardo,354,314,909,700
117.jpg,960,1280,san_bernardo,369,170,585,946
607.jpg,960,1280,san_bernardo,516,319,661,765
517.jpg,960,1280,san_bernardo,374,539,637,635
111.jpg,960,1280,san_bernardo,332,23,635,1179
907.jpg,960,1280,san_bernardo,573,331,681,711
857.jpg,960,1280,san_bernardo,555,320,684,768
736.jpg,960,1280,san_bernardo,375,434,474,720
64.jpg,960,1280,san_bernardo,357,423,548,961
107.jpg,960,1280,san_bernardo,348,32,653,1190
939.jpg,960,1280,san_bernardo,545,197,690,733
488.jpg,960,1280,san_bernardo,691,548,866,1066
7.jpg,960,1280,san_bernardo,262,4,598,1231
484.jpg,960,1280,san_bernardo,629,552,765,911
538.jpg,960,1280,san_bernardo,383,355,510,720
333.jpg,1280,960,san_bernardo,133,187,1155,816
888.jpg,960,1280,san_bernardo,183,282,308,684
608.jpg,960,1280,san_bernardo,596,338,772,834
931.jpg,960,1280,san_bernardo,494,314,610,745
956.jpg,960,1280,san_bernardo,239,62,539,1215
202.jpg,960,1280,san_bernardo,321,473,504,902
388.jpg,1280,960,san_bernardo,297,204,1013,613
432.jpg,960,1280,san_bernardo,393,393,534,759
375.jpg,1280,960,san_bernardo,68,240,1232,554
555.jpg,960,1280,san_bernardo,403,311,507,681
613.jpg,960,1280,san_bernardo,608,438,735,823
765.jpg,960,1280,san_bernardo,319,170,523,755
172.jpg,960,1280,san_bernardo,303,312,548,933
384.jpg,1280,960,san_bernardo,198,86,1132,894
951.jpg,960,1280,san_bernardo,258,50,569,1252
667.jpg,960,1280,san_bernardo,456,345,560,627
101.jpg,960,1280,san_bernardo,324,41,629,1224
536.jpg,960,1280,san_bernardo,429,428,527,780
177.jpg,960,1280,san_bernardo,331,286,587,917
349.jpg,1280,960,san_bernardo,159,201,1145,888
210.jpg,960,1280,san_bernardo,381,444,581,920
986.jpg,960,1280,san_bernardo,370,290,521,867
435.jpg,960,1280,san_bernardo,395,383,549,754
789.jpg,960,1280,san_bernardo,427,459,502,653
699.jpg,960,1280,san_bernardo,386,197,609,994
168.jpg,960,1280,san_bernardo,312,308,575,953
369.jpg,1280,960,san_bernardo,40,328,1280,644
47.jpg,960,1280,san_bernardo,266,41,600,1260
702.jpg,960,1280,san_bernardo,279,79,546,966
334.jpg,1280,960,san_bernardo,378,346,907,673
868.jpg,960,1280,san_bernardo,223,431,396,864
674.jpg,960,1280,san_bernardo,747,264,933,784
920.jpg,960,1280,san_bernardo,69,253,257,793
981.jpg,960,1280,san_bernardo,381,445,556,1077
154.jpg,960,1280,san_bernardo,316,296,640,1081
31.jpg,960,1280,san_bernardo,361,265,519,877
751.jpg,960,1280,san_bernardo,223,166,432,864
226.jpg,960,1280,san_bernardo,267,224,645,1177
285.jpg,1280,960,san_bernardo,49,203,1250,652
21.jpg,960,1280,san_bernardo,319,94,565,979
531.jpg,960,1280,san_bernardo,308,87,520,828
119.jpg,960,1280,san_bernardo,361,166,567,944
881.jpg,960,1280,san_bernardo,422,341,601,862
825.jpg,960,1280,san_bernardo,664,228,798,650
569.jpg,960,1280,san_bernardo,427,499,477,664
740.jpg,960,1280,san_bernardo,421,370,520,744
294.jpg,1280,960,san_bernardo,313,257,1075,628
348.jpg,1280,960,san_bernardo,354,336,936,718
595.jpg,960,1280,san_bernardo,244,75,587,1163
230.jpg,960,1280,san_bernardo,232,241,645,1250
630.jpg,960,1280,san_bernardo,566,361,827,1188
75.jpg,960,1280,san_bernardo,383,448,606,1025
612.jpg,960,1280,san_bernardo,650,409,792,840
596.jpg,960,1280,san_bernardo,296,86,596,1142
579.jpg,960,1280,san_bernardo,418,318,527,694
387.jpg,1280,960,san_bernardo,439,251,864,521
281.jpg,1280,960,san_bernardo,70,244,1006,890
339.jpg,1280,960,san_bernardo,24,276,1272,617
257.jpg,960,1280,san_bernardo,310,467,566,1036
49.jpg,960,1280,san_bernardo,264,10,606,1258
256.jpg,960,1280,san_bernardo,356,438,629,1048
301.jpg,1280,960,san_bernardo,431,278,881,476
846.jpg,960,1280,san_bernardo,80,477,293,921
627.jpg,960,1280,san_bernardo,341,335,545,1033
535.jpg,960,1280,san_bernardo,462,431,560,786
701.jpg,960,1280,san_bernardo,318,82,564,973
118.jpg,960,1280,san_bernardo,367,157,592,948
518.jpg,960,1280,san_bernardo,278,428,711,753
591.jpg,960,1280,san_bernardo,317,246,483,790
687.jpg,960,1280,san_bernardo,390,86,637,903
636.jpg,960,1280,san_bernardo,261,534,710,667
878.jpg,960,1280,san_bernardo,167,286,330,797
141.jpg,960,1280,san_bernardo,403,333,571,929
790.jpg,960,1280,san_bernardo,420,495,488,684
988.jpg,960,1280,san_bernardo,360,289,525,867
10.jpg,960,1280,san_bernardo,345,132,582,1025
853.jpg,960,1280,san_bernardo,163,293,343,865
123.jpg,960,1280,san_bernardo,345,194,562,958
100.jpg,960,1280,san_bernardo,235,92,700,1170
635.jpg,960,1280,san_bernardo,289,509,719,757
960.jpg,960,1280,san_bernardo,281,58,569,1191
909.jpg,960,1280,san_bernardo,119,485,370,1007
307.jpg,1280,960,san_bernardo,269,378,987,576
728.jpg,960,1280,san_bernardo,380,251,530,762
192.jpg,960,1280,san_bernardo,375,270,535,742
283.jpg,1280,960,san_bernardo,65,289,1266,864
917.jpg,960,1280,san_bernardo,365,258,481,669
324.jpg,1280,960,san_bernardo,1,267,1280,620
45.jpg,960,1280,san_bernardo,298,38,586,1174
600.jpg,960,1280,san_bernardo,256,148,517,1100
804.jpg,960,1280,san_bernardo,224,246,368,699
757.jpg,960,1280,san_bernardo,327,198,529,922
893.jpg,960,1280,san_bernardo,316,246,457,747
184.jpg,960,1280,san_bernardo,362,399,540,857
79.jpg,960,1280,san_bernardo,383,440,570,944
358.jpg,1280,960,san_bernardo,285,360,996,550
648.jpg,960,1280,san_bernardo,356,328,716,1009
474.jpg,960,1280,san_bernardo,353,391,414,592
104.jpg,960,1280,san_bernardo,335,4,655,1172
971.jpg,960,1280,san_bernardo,335,146,558,967
546.jpg,960,1280,san_bernardo,423,170,657,911
948.jpg,960,1280,san_bernardo,319,61,614,1207
842.jpg,960,1280,san_bernardo,85,188,288,629
438.jpg,960,1280,san_bernardo,398,421,567,761
287.jpg,1280,960,san_bernardo,46,166,1251,781
266.jpg,960,1280,san_bernardo,384,595,515,948
929.jpg,960,1280,san_bernardo,386,236,510,680
615.jpg,960,1280,san_bernardo,530,268,646,620
198.jpg,960,1280,san_bernardo,403,365,524,729
643.jpg,960,1280,san_bernardo,184,479,579,610
414.jpg,1280,960,san_bernardo,34,249,1231,567
778.jpg,960,1280,san_bernardo,384,80,552,707
78.jpg,960,1280,san_bernardo,391,445,579,949
325.jpg,1280,960,san_bernardo,290,421,934,603
966.jpg,960,1280,san_bernardo,336,159,557,977
541.jpg,960,1280,san_bernardo,327,400,391,584
558.jpg,960,1280,san_bernardo,437,317,550,661
713.jpg,960,1280,san_bernardo,199,624,531,874
340.jpg,1280,960,san_bernardo,268,363,1010,577
763.jpg,960,1280,san_bernardo,365,311,543,800
758.jpg,960,1280,san_bernardo,304,238,484,919
589.jpg,960,1280,san_bernardo,326,287,483,800
798.jpg,960,1280,san_bernardo,444,431,505,622
985.jpg,960,1280,san_bernardo,367,322,527,894
227.jpg,960,1280,san_bernardo,233,248,639,1211
249.jpg,960,1280,san_bernardo,150,198,574,1146
974.jpg,960,1280,san_bernardo,351,155,588,956
954.jpg,960,1280,san_bernardo,277,42,591,1208
354.jpg,1280,960,san_bernardo,13,309,1236,639
529.jpg,960,1280,san_bernardo,390,123,608,815
320.jpg,1280,960,san_bernardo,480,371,847,628
928.jpg,960,1280,san_bernardo,393,220,500,615
952.jpg,960,1280,san_bernardo,298,48,594,1210
830.jpg,960,1280,san_bernardo,242,407,360,705
308.jpg,1280,960,san_bernardo,415,431,894,567
330.jpg,1280,960,san_bernardo,88,141,1188,732
94.jpg,960,1280,san_bernardo,402,617,545,982
316.jpg,1280,960,san_bernardo,446,367,857,605
890.jpg,960,1280,san_bernardo,232,187,350,623
807.jpg,960,1280,san_bernardo,255,391,400,810
173.jpg,960,1280,san_bernardo,323,313,575,931
862.jpg,960,1280,san_bernardo,533,159,708,790
14.jpg,960,1280,san_bernardo,332,94,556,973
796.jpg,960,1280,san_bernardo,425,450,493,641
834.jpg,960,1280,san_bernardo,537,272,677,784
81.jpg,960,1280,san_bernardo,408,448,587,954
359.jpg,1280,960,san_bernardo,358,389,878,532
650.jpg,960,1280,san_bernardo,310,98,615,1231
958.jpg,960,1280,san_bernardo,216,50,527,1181
641.jpg,960,1280,san_bernardo,305,363,605,604
622.jpg,960,1280,san_bernardo,388,395,445,603
734.jpg,960,1280,san_bernardo,433,533,512,802
573.jpg,960,1280,san_bernardo,422,153,508,396
355.jpg,1280,960,san_bernardo,245,383,933,572
483.jpg,960,1280,san_bernardo,664,534,787,905
399.jpg,1280,960,san_bernardo,398,363,882,498
206.jpg,960,1280,san_bernardo,389,396,562,844
313.jpg,1280,960,san_bernardo,217,183,1031,396
934.jpg,960,1280,san_bernardo,110,143,273,698
442.jpg,960,1280,san_bernardo,384,433,461,615
311.jpg,1280,960,san_bernardo,425,470,899,605
329.jpg,1280,960,san_bernardo,407,332,875,453
738.jpg,960,1280,san_bernardo,454,582,557,944
180.jpg,960,1280,san_bernardo,358,436,519,870
312.jpg,1280,960,san_bernardo,11,240,1247,549
698.jpg,960,1280,san_bernardo,247,219,434,848
967.jpg,960,1280,san_bernardo,343,148,565,967
418.jpg,1280,960,san_bernardo,284,368,994,560
506.jpg,960,1280,san_bernardo,426,444,531,700
973.jpg,960,1280,san_bernardo,352,148,587,957
732.jpg,916,1280,san_bernardo,312,381,408,690
351.jpg,1280,960,san_bernardo,22,300,1262,614
215.jpg,960,1280,san_bernardo,281,273,602,1045
730.jpg,960,1280,san_bernardo,346,281,487,770
625.jpg,960,1280,san_bernardo,350,366,435,651
826.jpg,960,1280,san_bernardo,737,265,859,691
372.jpg,1280,960,san_bernardo,13,293,1270,630
97.jpg,960,1280,san_bernardo,439,442,602,933
942.jpg,960,1280,san_bernardo,743,238,879,732
428.jpg,1280,960,san_bernardo,302,176,992,621
710.jpg,960,1280,san_bernardo,267,363,465,771
62.jpg,960,1280,san_bernardo,335,210,635,1063
68.jpg,960,1280,san_bernardo,378,477,571,1007
549.jpg,960,1280,san_bernardo,366,86,639,942
703.jpg,960,1280,san_bernardo,336,33,570,931
410.jpg,1280,960,san_bernardo,5,264,1270,590
121.jpg,960,1280,san_bernardo,336,188,554,952
109.jpg,960,1280,san_bernardo,321,29,644,1195
787.jpg,960,1280,san_bernardo,398,82,578,746
978.jpg,960,1280,san_bernardo,333,147,566,950
201.jpg,960,1280,san_bernardo,374,450,553,873
557.jpg,960,1280,san_bernardo,408,301,526,657
223.jpg,960,1280,san_bernardo,274,281,573,999
532.jpg,960,1280,san_bernardo,416,153,616,862
73.jpg,960,1280,san_bernardo,383,458,587,1031
394.jpg,1280,960,san_bernardo,247,314,1005,522
503.jpg,960,1280,san_bernardo,166,410,683,594
54.jpg,960,1280,san_bernardo,327,294,658,1163
754.jpg,960,1280,san_bernardo,373,104,581,823
673.jpg,960,1280,san_bernardo,709,219,883,764
166.jpg,960,1280,san_bernardo,294,366,569,978
994.jpg,960,1280,san_bernardo,353,298,517,869
905.jpg,960,1280,san_bernardo,567,208,717,740
568.jpg,960,1280,san_bernardo,434,510,484,668
11.jpg,960,1280,san_bernardo,327,129,578,1032
767.jpg,960,1280,san_bernardo,255,243,458,835
279.jpg,1280,960,san_bernardo,30,165,1105,631
586.jpg,960,1280,san_bernardo,408,408,505,743
724.jpg,960,1280,san_bernardo,330,155,485,687
213.jpg,960,1280,san_bernardo,271,299,606,1102
689.jpg,960,1280,san_bernardo,344,223,474,657
693.jpg,960,1280,san_bernardo,371,245,487,635
797.jpg,960,1280,san_bernardo,422,449,487,641
471.jpg,960,1280,san_bernardo,402,356,509,705
950.jpg,960,1280,san_bernardo,287,40,602,1195
158.jpg,960,1280,san_bernardo,339,271,644,1050
653.jpg,960,1280,san_bernardo,186,382,315,825
660.jpg,960,1280,san_bernardo,327,544,393,753
204.jpg,960,1280,san_bernardo,375,460,566,913
187.jpg,960,1280,san_bernardo,364,412,544,879
238.jpg,960,1280,san_bernardo,275,270,640,1219
508.jpg,960,1280,san_bernardo,366,487,577,662
869.jpg,960,1280,san_bernardo,162,402,354,840
475.jpg,960,1280,san_bernardo,355,372,416,582
338.jpg,1280,960,san_bernardo,299,444,999,632
753.jpg,960,1280,san_bernardo,311,87,496,749
133.jpg,960,1280,san_bernardo,402,327,570,924
534.jpg,960,1280,san_bernardo,474,460,581,817
217.jpg,960,1280,san_bernardo,332,346,635,1098
712.jpg,960,1280,san_bernardo,367,361,570,762
676.jpg,960,1280,san_bernardo,705,325,883,856
726.jpg,960,1280,san_bernardo,323,273,471,782
293.jpg,1280,960,san_bernardo,396,340,1033,735
380.jpg,1280,960,san_bernardo,400,302,848,550
866.jpg,960,1280,san_bernardo,485,273,607,707
276.jpg,1280,960,san_bernardo,57,296,1273,620
490.jpg,960,1280,san_bernardo,490,440,692,1079
321.jpg,1280,960,san_bernardo,252,395,1030,605
972.jpg,960,1280,san_bernardo,349,146,569,961
872.jpg,960,1280,san_bernardo,128,314,307,718
77.jpg,960,1280,san_bernardo,373,292,591,911
409.jpg,1280,960,san_bernardo,334,236,965,564
760.jpg,960,1280,san_bernardo,303,315,478,809
106.jpg,960,1280,san_bernardo,336,53,658,1211
570.jpg,960,1280,san_bernardo,457,463,507,632
368.jpg,1280,960,san_bernardo,393,343,861,547
196.jpg,960,1280,san_bernardo,392,381,512,737
48.jpg,960,1280,san_bernardo,285,27,596,1248
108.jpg,960,1280,san_bernardo,335,36,658,1195
284.jpg,1280,960,san_bernardo,54,315,1248,834
879.jpg,960,1280,san_bernardo,221,299,375,783
594.jpg,960,1280,san_bernardo,373,274,544,817
376.jpg,1280,960,san_bernardo,246,333,1059,550
816.jpg,960,1280,san_bernardo,144,312,298,782
583.jpg,960,1280,san_bernardo,319,333,416,659
24.jpg,960,1280,san_bernardo,349,269,520,891
908.jpg,960,1280,san_bernardo,210,401,399,840
444.jpg,960,1280,san_bernardo,385,416,463,607
924.jpg,960,1280,san_bernardo,748,191,910,694
706.jpg,960,1280,san_bernardo,382,444,514,789
711.jpg,960,1280,san_bernardo,396,359,514,762
918.jpg,960,1280,san_bernardo,438,317,552,744
604.jpg,960,1280,san_bernardo,267,90,599,1132
527.jpg,960,1280,san_bernardo,442,199,653,879
690.jpg,960,1280,san_bernardo,162,282,328,779
793.jpg,960,1280,san_bernardo,384,515,464,698
620.jpg,960,1280,san_bernardo,427,455,488,662
512.jpg,960,1280,san_bernardo,415,525,580,770
500.jpg,960,1280,san_bernardo,460,444,630,981
478.jpg,960,1280,san_bernardo,460,345,521,559
364.jpg,1280,960,san_bernardo,279,254,999,524
271.jpg,960,1280,san_bernardo,338,498,499,898
588.jpg,960,1280,san_bernardo,336,359,480,851
282.jpg,1280,960,san_bernardo,35,230,1036,718
683.jpg,960,1280,san_bernardo,251,140,528,1012
115.jpg,960,1280,san_bernardo,333,50,652,1195
86.jpg,960,1280,san_bernardo,404,470,591,978
457.jpg,960,1280,san_bernardo,432,518,499,694
876.jpg,960,1280,san_bernardo,208,214,396,838
585.jpg,960,1280,san_bernardo,377,355,475,689
504.jpg,960,1280,san_bernardo,336,474,745,937
642.jpg,960,1280,san_bernardo,225,414,596,614
992.jpg,960,1280,san_bernardo,360,294,529,867
162.jpg,960,1280,san_bernardo,325,252,628,1035
288.jpg,1280,960,san_bernardo,117,147,1277,670
299.jpg,1280,960,san_bernardo,354,320,939,479
197.jpg,960,1280,san_bernardo,385,388,496,744
350.jpg,1280,960,san_bernardo,513,392,890,633
148.jpg,960,1280,san_bernardo,400,357,528,796
415.jpg,1280,960,san_bernardo,271,331,935,518
545.jpg,960,1280,san_bernardo,508,447,602,707
752.jpg,960,1280,san_bernardo,388,193,587,918
429.jpg,1280,960,san_bernardo,263,179,1225,736
188.jpg,960,1280,san_bernardo,369,407,548,871
610.jpg,960,1280,san_bernardo,532,397,720,956
982.jpg,960,1280,san_bernardo,395,442,572,1073
318.jpg,1280,960,san_bernardo,133,128,1227,897
183.jpg,960,1280,san_bernardo,365,413,524,861
245.jpg,960,1280,san_bernardo,211,285,590,1150
267.jpg,960,1280,san_bernardo,366,489,519,867
930.jpg,960,1280,san_bernardo,465,261,576,696
453.jpg,960,1280,san_bernardo,436,477,513,665
58.jpg,960,1280,san_bernardo,295,252,635,1138
737.jpg,960,1280,san_bernardo,472,707,598,1109
441.jpg,960,1280,san_bernardo,420,420,562,798
496.jpg,960,1280,san_bernardo,528,229,664,580
398.jpg,1280,960,san_bernardo,126,66,1191,777
815.jpg,960,1280,san_bernardo,217,335,350,777
469.jpg,960,1280,san_bernardo,427,400,528,735
688.jpg,960,1280,san_bernardo,420,307,531,683
35.jpg,960,1280,san_bernardo,383,257,552,867
467.jpg,960,1280,san_bernardo,379,119,589,820
91.jpg,960,1280,san_bernardo,391,624,525,987
487.jpg,960,1280,san_bernardo,616,461,720,808
780.jpg,960,1280,san_bernardo,284,33,475,723
280.jpg,1280,960,san_bernardo,180,79,1049,960
363.jpg,1280,960,san_bernardo,88,152,1232,564
253.jpg,960,1280,san_bernardo,307,295,586,965
656.jpg,960,1280,san_bernardo,179,270,335,706
341.jpg,1280,960,san_bernardo,394,354,894,497
707.jpg,960,1280,san_bernardo,558,604,682,1000
178.jpg,960,1280,san_bernardo,340,278,591,904
665.jpg,960,1280,san_bernardo,534,444,634,720
149.jpg,960,1280,san_bernardo,399,345,516,787
526.jpg,960,1280,san_bernardo,246,538,740,887
831.jpg,960,1280,san_bernardo,200,620,374,975
606.jpg,960,1280,san_bernardo,513,281,664,698
131.jpg,960,1280,san_bernardo,379,317,544,916
352.jpg,1280,960,san_bernardo,275,452,1024,642
774.jpg,960,1280,san_bernardo,196,503,763,796
89.jpg,960,1280,san_bernardo,390,502,578,1019
681.jpg,960,1280,san_bernardo,367,141,546,824
96.jpg,960,1280,san_bernardo,406,595,549,969
278.jpg,1280,960,san_bernardo,61,94,1201,866
755.jpg,960,1280,san_bernardo,296,145,502,890
671.jpg,960,1280,san_bernardo,536,584,667,946
33.jpg,960,1280,san_bernardo,373,263,540,873
851.jpg,960,1280,san_bernardo,145,201,364,929
382.jpg,1280,960,san_bernardo,289,246,974,526
616.jpg,960,1280,san_bernardo,387,251,481,582
150.jpg,960,1280,san_bernardo,406,341,535,787
297.jpg,1280,960,san_bernardo,459,485,932,611
742.jpg,960,1280,san_bernardo,381,359,483,719
460.jpg,960,1280,san_bernardo,442,450,507,630
85.jpg,960,1280,san_bernardo,396,478,590,985
450.jpg,960,1280,san_bernardo,428,311,495,510
902.jpg,960,1280,san_bernardo,647,209,786,724
464.jpg,960,1280,san_bernardo,383,267,533,773
510.jpg,960,1280,san_bernardo,345,511,611,605
912.jpg,960,1280,san_bernardo,277,294,413,631
132.jpg,960,1280,san_bernardo,396,325,557,921
521.jpg,960,1280,san_bernardo,385,530,626,698
401.jpg,1280,960,san_bernardo,410,266,829,540
808.jpg,960,1280,san_bernardo,247,409,403,834
877.jpg,960,1280,san_bernardo,204,275,363,827
739.jpg,960,1280,san_bernardo,441,434,535,779
229.jpg,960,1280,san_bernardo,244,262,636,1221
337.jpg,1280,960,san_bernardo,410,510,922,649
413.jpg,1280,960,san_bernardo,323,487,920,650
412.jpg,1280,960,san_bernardo,159,377,1089,615
336.jpg,1280,960,san_bernardo,20,300,1270,623
566.jpg,960,1280,san_bernardo,416,414,497,662
219.jpg,960,1280,san_bernardo,310,278,610,1053
883.jpg,960,1280,san_bernardo,551,312,706,802
82.jpg,960,1280,san_bernardo,392,460,585,963
130.jpg,960,1280,san_bernardo,389,329,556,925
843.jpg,960,1280,san_bernardo,70,232,278,670
153.jpg,960,1280,san_bernardo,308,267,644,1075
654.jpg,960,1280,san_bernardo,169,388,298,809
856.jpg,960,1280,san_bernardo,496,314,632,756
456.jpg,960,1280,san_bernardo,454,410,520,594
544.jpg,960,1280,san_bernardo,465,368,541,608
761.jpg,960,1280,san_bernardo,337,294,520,807
251.jpg,960,1280,san_bernardo,304,310,583,957
433.jpg,960,1280,san_bernardo,410,457,569,828
670.jpg,960,1280,san_bernardo,554,629,678,978
645.jpg,960,1280,san_bernardo,57,200,769,940
574.jpg,960,1280,san_bernardo,425,181,513,431
565.jpg,960,1280,san_bernardo,445,434,522,674
559.jpg,960,1280,san_bernardo,424,309,538,645
777.jpg,960,1280,san_bernardo,316,232,465,770
171.jpg,960,1280,san_bernardo,308,307,570,940
745.jpg,960,1280,san_bernardo,368,213,513,749
563.jpg,960,1280,san_bernardo,520,417,585,642
1.jpg,960,1280,san_bernardo,412,316,523,696
53.jpg,960,1280,san_bernardo,195,163,585,1175
847.jpg,960,1280,san_bernardo,127,473,331,912
190.jpg,960,1280,san_bernardo,395,398,573,866
92.jpg,960,1280,san_bernardo,387,620,528,981
114.jpg,960,1280,san_bernardo,369,160,577,960
25.jpg,960,1280,san_bernardo,358,263,519,883
572.jpg,960,1280,san_bernardo,487,438,540,622
717.jpg,960,1280,san_bernardo,373,503,531,864
976.jpg,960,1280,san_bernardo,333,148,567,957
605.jpg,960,1280,san_bernardo,589,378,737,800
343.jpg,1280,960,san_bernardo,40,252,1234,554
381.jpg,1280,960,san_bernardo,41,165,1186,614
664.jpg,960,1280,san_bernardo,200,535,318,854
361.jpg,1280,960,san_bernardo,262,301,988,626
629.jpg,960,1280,san_bernardo,465,225,748,1166
801.jpg,960,1280,san_bernardo,224,292,381,816
95.jpg,960,1280,san_bernardo,419,593,548,963
477.jpg,960,1280,san_bernardo,427,356,488,572
50.jpg,960,1280,san_bernardo,278,36,617,1244
182.jpg,960,1280,san_bernardo,385,457,539,896
389.jpg,1280,960,san_bernardo,417,243,927,513
151.jpg,960,1280,san_bernardo,316,216,649,1050
18.jpg,960,1280,san_bernardo,327,67,585,967
884.jpg,960,1280,san_bernardo,612,284,789,771
431.jpg,1280,960,san_bernardo,463,383,838,647
310.jpg,1280,960,san_bernardo,24,363,1280,702
684.jpg,960,1280,san_bernardo,467,106,710,904
858.jpg,960,1280,san_bernardo,553,295,693,741
246.jpg,960,1280,san_bernardo,246,240,627,1149
461.jpg,960,1280,san_bernardo,395,308,526,799
824.jpg,960,1280,san_bernardo,658,193,807,652
499.jpg,960,1280,san_bernardo,316,471,740,816
788.jpg,960,1280,san_bernardo,425,163,595,832
23.jpg,960,1280,san_bernardo,304,60,598,1163
8.jpg,960,1280,san_bernardo,344,111,596,1023
729.jpg,960,1280,san_bernardo,429,367,499,626
93.jpg,960,1280,san_bernardo,412,604,541,973
365.jpg,1280,960,san_bernardo,387,272,912,473
662.jpg,960,1280,san_bernardo,216,552,303,791
225.jpg,960,1280,san_bernardo,316,269,689,1163
997.jpg,960,1280,san_bernardo,405,472,477,745
38.jpg,960,1280,san_bernardo,415,343,516,711
452.jpg,960,1280,san_bernardo,433,481,504,667
941.jpg,960,1280,san_bernardo,71,267,204,682
98.jpg,960,1280,san_bernardo,415,574,560,948
379.jpg,1280,960,san_bernardo,276,247,940,630
448.jpg,960,1280,san_bernardo,404,362,478,555
191.jpg,960,1280,san_bernardo,385,410,564,879
344.jpg,1280,960,san_bernardo,325,257,972,423
458.jpg,960,1280,san_bernardo,442,484,507,660
242.jpg,960,1280,san_bernardo,295,270,652,1136
113.jpg,960,1280,san_bernardo,342,21,660,1177
443.jpg,960,1280,san_bernardo,400,441,471,626
74.jpg,960,1280,san_bernardo,389,458,598,1028
371.jpg,1280,960,san_bernardo,371,423,957,581
408.jpg,1280,960,san_bernardo,176,171,1195,779
485.jpg,960,1280,san_bernardo,625,451,745,775
507.jpg,960,1280,san_bernardo,410,447,549,678
331.jpg,1280,960,san_bernardo,435,308,824,572
874.jpg,960,1280,san_bernardo,50,190,273,642
501.jpg,960,1280,san_bernardo,306,486,712,927
695.jpg,960,1280,san_bernardo,406,270,559,824
916.jpg,960,1280,san_bernardo,725,450,894,1018
200.jpg,960,1280,san_bernardo,391,392,517,758
15.jpg,960,1280,san_bernardo,308,90,561,1011
704.jpg,960,1280,san_bernardo,296,408,415,720
128.jpg,960,1280,san_bernardo,382,299,540,903
224.jpg,960,1280,san_bernardo,366,349,631,990
714.jpg,960,1280,san_bernardo,200,583,564,748
812.jpg,960,1280,san_bernardo,234,454,395,908
445.jpg,960,1280,san_bernardo,407,429,488,617
746.jpg,960,1280,san_bernardo,355,212,513,769
468.jpg,960,1280,san_bernardo,442,417,549,762
721.jpg,960,1280,san_bernardo,393,337,513,778
254.jpg,960,1280,san_bernardo,303,327,574,963
870.jpg,960,1280,san_bernardo,84,384,280,806
621.jpg,960,1280,san_bernardo,350,426,420,646
51.jpg,960,1280,san_bernardo,275,131,642,1104
991.jpg,960,1280,san_bernardo,358,287,516,866
489.jpg,960,1280,san_bernardo,511,495,699,1052
174.jpg,960,1280,san_bernardo,340,269,604,912
345.jpg,1280,960,san_bernardo,82,194,1131,697
680.jpg,960,1280,san_bernardo,441,151,591,745
216.jpg,960,1280,san_bernardo,349,312,635,1069
886.jpg,960,1280,san_bernardo,486,205,642,706
88.jpg,960,1280,san_bernardo,395,479,587,991
87.jpg,960,1280,san_bernardo,400,486,582,991
875.jpg,960,1280,san_bernardo,284,177,455,783
298.jpg,1280,960,san_bernardo,408,445,919,590
19.jpg,960,1280,san_bernardo,350,107,581,983
424.jpg,1280,960,san_bernardo,260,161,1016,482
296.jpg,1280,960,san_bernardo,233,228,854,748
957.jpg,960,1280,san_bernardo,239,60,553,1217
208.jpg,960,1280,san_bernardo,331,358,535,824
1000.jpg,960,1280,san_bernardo,119,198,387,1195
69.jpg,960,1280,san_bernardo,383,481,595,1049
465.jpg,960,1280,san_bernardo,417,169,615,804
963.jpg,960,1280,san_bernardo,253,35,569,1211
13.jpg,960,1280,san_bernardo,315,75,557,992
513.jpg,960,1280,san_bernardo,474,510,556,783
708.jpg,960,1280,san_bernardo,543,507,686,965
537.jpg,960,1280,san_bernardo,354,360,484,721
672.jpg,960,1280,san_bernardo,434,328,540,627
502.jpg,960,1280,san_bernardo,291,477,820,703
709.jpg,960,1280,san_bernardo,134,383,443,747
175.jpg,960,1280,san_bernardo,337,282,594,915
649.jpg,960,1280,san_bernardo,277,312,567,1131
669.jpg,960,1280,san_bernardo,581,541,677,830
859.jpg,960,1280,san_bernardo,503,279,655,752
823.jpg,960,1280,san_bernardo,595,307,734,821
914.jpg,960,1280,san_bernardo,669,435,836,974
400.jpg,1280,960,san_bernardo,300,209,941,629
947.jpg,960,1280,san_bernardo,232,418,341,755
28.jpg,960,1280,san_bernardo,346,266,514,881
102.jpg,960,1280,san_bernardo,329,35,653,1216
244.jpg,960,1280,san_bernardo,232,207,650,1149
663.jpg,960,1280,san_bernardo,216,545,319,823
861.jpg,960,1280,san_bernardo,444,57,638,752
511.jpg,960,1280,san_bernardo,405,526,631,705
42.jpg,960,1280,san_bernardo,407,375,508,742
199.jpg,960,1280,san_bernardo,414,388,524,747
943.jpg,960,1280,san_bernardo,745,216,865,631
631.jpg,960,1280,san_bernardo,225,487,579,786
719.jpg,960,1280,san_bernardo,395,394,514,821
844.jpg,960,1280,san_bernardo,142,401,330,816
291.jpg,1280,960,san_bernardo,249,283,1032,643
652.jpg,960,1280,san_bernardo,162,353,305,808
71.jpg,960,1280,san_bernardo,365,466,589,1036
2.jpg,960,1280,san_bernardo,285,11,623,1231
647.jpg,960,1280,san_bernardo,134,380,824,910
99.jpg,960,1280,san_bernardo,233,60,682,1117
556.jpg,960,1280,san_bernardo,345,270,472,666
32.jpg,960,1280,san_bernardo,382,262,537,873
383.jpg,1280,960,san_bernardo,408,285,874,478
391.jpg,1280,960,san_bernardo,257,389,1015,589
791.jpg,960,1280,san_bernardo,449,469,536,666
553.jpg,960,1280,san_bernardo,382,263,495,655
640.jpg,960,1280,san_bernardo,349,393,519,711
446.jpg,960,1280,san_bernardo,449,435,529,624
785.jpg,960,1280,san_bernardo,383,182,560,838
250.jpg,960,1280,san_bernardo,254,219,660,1129
436.jpg,960,1280,san_bernardo,414,408,600,777
828.jpg,960,1280,san_bernardo,188,373,327,704
5.jpg,960,1280,san_bernardo,294,23,627,1254
819.jpg,960,1280,san_bernardo,477,294,630,756
360.jpg,1280,960,san_bernardo,1,186,1275,712
46.jpg,960,1280,san_bernardo,407,373,510,738
145.jpg,960,1280,san_bernardo,378,362,504,798
439.jpg,960,1280,san_bernardo,428,398,596,761
356.jpg,1280,960,san_bernardo,358,419,819,551
598.jpg,960,1280,san_bernardo,274,111,567,1121
367.jpg,1280,960,san_bernardo,73,246,1247,789
935.jpg,960,1280,san_bernardo,548,297,682,768
430.jpg,1280,960,san_bernardo,398,216,1012,541
386.jpg,1280,960,san_bernardo,112,105,1175,741
723.jpg,960,1280,san_bernardo,323,241,467,748
60.jpg,960,1280,san_bernardo,310,270,653,1137
295.jpg,1280,960,san_bernardo,345,246,1143,563
803.jpg,960,1280,san_bernardo,112,262,276,739
592.jpg,960,1280,san_bernardo,323,257,483,804
822.jpg,960,1280,san_bernardo,775,196,923,726
520.jpg,960,1280,san_bernardo,357,473,645,981
377.jpg,1280,960,san_bernardo,335,362,892,518
768.jpg,960,1280,san_bernardo,316,250,504,821
840.jpg,960,1280,san_bernardo,419,274,536,727
80.jpg,960,1280,san_bernardo,400,454,579,957
494.jpg,960,1280,san_bernardo,736,375,893,729
655.jpg,960,1280,san_bernardo,192,380,324,784
116.jpg,960,1280,san_bernardo,353,152,573,953
597.jpg,960,1280,san_bernardo,237,132,536,1191
895.jpg,960,1280,san_bernardo,481,278,611,651
61.jpg,960,1280,san_bernardo,331,235,646,1108
136.jpg,960,1280,san_bernardo,407,327,574,923
580.jpg,960,1280,san_bernardo,414,345,509,683
161.jpg,960,1280,san_bernardo,335,254,660,1050
146.jpg,960,1280,san_bernardo,404,358,523,794
36.jpg,960,1280,san_bernardo,407,379,501,742
248.jpg,960,1280,san_bernardo,250,220,673,1123
827.jpg,960,1280,san_bernardo,177,318,314,662
486.jpg,960,1280,san_bernardo,575,439,680,772
211.jpg,960,1280,san_bernardo,306,463,492,910
243.jpg,960,1280,san_bernardo,246,228,617,1056
806.jpg,960,1280,san_bernardo,230,321,390,755
492.jpg,960,1280,san_bernardo,727,528,900,898
328.jpg,1280,960,san_bernardo,306,340,1001,517
259.jpg,960,1280,san_bernardo,307,346,587,1012
195.jpg,960,1280,san_bernardo,399,358,519,735
268.jpg,960,1280,san_bernardo,381,469,545,868
275.jpg,1280,959,san_bernardo,123,376,1280,683
977.jpg,960,1280,san_bernardo,349,150,566,957
871.jpg,960,1280,san_bernardo,122,335,296,754
961.jpg,960,1280,san_bernardo,271,48,587,1212
189.jpg,960,1280,san_bernardo,410,396,574,861
885.jpg,960,1280,san_bernardo,489,203,643,686
495.jpg,960,1280,san_bernardo,563,237,695,585
290.jpg,1280,960,san_bernardo,139,290,1042,551
34.jpg,960,1280,san_bernardo,308,19,639,1229
524.jpg,960,1280,san_bernardo,381,367,614,819
617.jpg,960,1280,san_bernardo,540,452,650,807
258.jpg,960,1280,san_bernardo,361,350,650,1025
611.jpg,960,1280,san_bernardo,487,343,669,904
937.jpg,960,1280,san_bernardo,406,260,530,672
792.jpg,960,1280,san_bernardo,440,535,514,718
3.jpg,960,1280,san_bernardo,277,12,606,1238
533.jpg,960,1280,san_bernardo,420,192,633,923
892.jpg,960,1280,san_bernardo,277,201,463,864
236.jpg,960,1280,san_bernardo,273,211,677,1192
720.jpg,960,1280,san_bernardo,421,408,535,828
218.jpg,960,1280,san_bernardo,266,345,569,1092
16.jpg,960,1280,san_bernardo,346,74,589,965
421.jpg,1280,960,san_bernardo,384,261,850,504
43.jpg,960,1280,san_bernardo,419,357,515,723
867.jpg,960,1280,san_bernardo,437,218,571,696
889.jpg,960,1280,san_bernardo,158,212,290,644
12.jpg,960,1280,san_bernardo,335,20,616,1119
962.jpg,960,1280,san_bernardo,239,49,549,1210
975.jpg,960,1280,san_bernardo,358,154,578,954
747.jpg,960,1280,san_bernardo,291,189,466,817
498.jpg,960,1280,san_bernardo,240,523,701,688
390.jpg,1280,960,san_bernardo,25,339,1269,664
623.jpg,960,1280,san_bernardo,345,403,407,618
919.jpg,960,1280,san_bernardo,473,246,604,694
938.jpg,960,1280,san_bernardo,380,308,493,700
923.jpg,960,1280,san_bernardo,765,243,927,734
463.jpg,960,1280,san_bernardo,423,301,572,805
845.jpg,960,1280,san_bernardo,111,454,307,881
327.jpg,1280,960,san_bernardo,441,429,873,559
509.jpg,960,1280,san_bernardo,346,526,601,636
633.jpg,960,1280,san_bernardo,403,458,553,844
995.jpg,960,1280,san_bernardo,346,295,489,836
581.jpg,960,1280,san_bernardo,354,340,454,672
887.jpg,960,1280,san_bernardo,110,285,241,677
127.jpg,960,1280,san_bernardo,371,215,569,953
455.jpg,960,1280,san_bernardo,458,456,520,633
925.jpg,960,1280,san_bernardo,675,225,828,759
609.jpg,960,1280,san_bernardo,614,344,802,884
76.jpg,960,1280,san_bernardo,387,421,571,931
619.jpg,960,1280,san_bernardo,425,459,482,664
292.jpg,1280,960,san_bernardo,263,295,1021,572
52.jpg,960,1280,san_bernardo,348,252,711,1144
906.jpg,960,1280,san_bernardo,658,178,787,612
904.jpg,960,1280,san_bernardo,731,226,864,701
718.jpg,960,1280,san_bernardo,413,353,530,773
832.jpg,960,1280,san_bernardo,239,589,394,945
260.jpg,960,1280,san_bernardo,316,310,603,994
564.jpg,960,1280,san_bernardo,475,421,547,652
811.jpg,960,1280,san_bernardo,225,489,388,942
232.jpg,960,1280,san_bernardo,271,196,657,1212
105.jpg,960,1280,san_bernardo,336,52,641,1211
784.jpg,960,1280,san_bernardo,421,86,604,753
694.jpg,960,1280,san_bernardo,313,333,465,845
970.jpg,960,1280,san_bernardo,336,145,570,961
269.jpg,960,1280,san_bernardo,353,493,505,859
397.jpg,1280,960,san_bernardo,306,328,1011,520
357.jpg,1280,960,san_bernardo,67,209,1229,511
40.jpg,960,1280,san_bernardo,415,358,520,727
286.jpg,1280,960,san_bernardo,34,221,1280,945
59.jpg,960,1280,san_bernardo,319,232,649,1115
818.jpg,960,1280,san_bernardo,528,251,669,712
160.jpg,960,1280,san_bernardo,316,232,648,1045
675.jpg,960,1280,san_bernardo,712,346,895,902
979.jpg,960,1280,san_bernardo,331,151,558,949
799.jpg,960,1280,san_bernardo,289,522,366,711
766.jpg,960,1280,san_bernardo,265,192,474,819
263.jpg,960,1280,san_bernardo,381,403,545,796
540.jpg,960,1280,san_bernardo,349,372,411,555
661.jpg,960,1280,san_bernardo,291,547,366,771
472.jpg,960,1280,san_bernardo,380,387,485,725
582.jpg,960,1280,san_bernardo,355,351,448,675
980.jpg,960,1280,san_bernardo,384,450,561,1094
539.jpg,960,1280,san_bernardo,386,361,440,540
159.jpg,960,1280,san_bernardo,352,266,649,1036
235.jpg,960,1280,san_bernardo,306,210,650,1161
528.jpg,960,1280,san_bernardo,389,90,636,836
805.jpg,960,1280,san_bernardo,185,195,352,691
314.jpg,1280,960,san_bernardo,326,246,913,401
860.jpg,960,1280,san_bernardo,518,242,685,754
346.jpg,1280,960,san_bernardo,295,296,904,600
274.jpg,960,1280,san_bernardo,374,412,543,816
447.jpg,960,1280,san_bernardo,406,398,489,598
522.jpg,960,1280,san_bernardo,281,523,810,686
139.jpg,960,1280,san_bernardo,402,328,570,928
587.jpg,960,1280,san_bernardo,250,377,402,867
426.jpg,1280,960,san_bernardo,121,115,1185,900
955.jpg,960,1280,san_bernardo,274,60,567,1210
56.jpg,960,1280,san_bernardo,335,300,671,1150
420.jpg,1280,960,san_bernardo,118,136,1083,770
782.jpg,960,1280,san_bernardo,443,98,631,755
802.jpg,960,1280,san_bernardo,185,318,331,835
552.jpg,960,1280,san_bernardo,325,203,443,615
265.jpg,960,1280,san_bernardo,393,584,527,949
57.jpg,960,1280,san_bernardo,295,253,640,1138
618.jpg,960,1280,san_bernardo,471,435,589,815
476.jpg,960,1280,san_bernardo,432,349,491,562
403.jpg,1280,960,san_bernardo,409,306,823,587
863.jpg,960,1280,san_bernardo,563,207,711,765
255.jpg,960,1280,san_bernardo,295,382,550,949
122.jpg,960,1280,san_bernardo,364,190,567,961
156.jpg,960,1280,san_bernardo,323,260,652,1065
302.jpg,1280,960,san_bernardo,486,327,890,533
999.jpg,960,1280,san_bernardo,206,279,437,1005
514.jpg,960,1280,san_bernardo,381,534,612,755
70.jpg,960,1280,san_bernardo,381,463,610,1041
304.jpg,1280,960,san_bernardo,490,294,877,480
865.jpg,960,1280,san_bernardo,544,263,674,723
165.jpg,960,1280,san_bernardo,323,348,582,973
554.jpg,960,1280,san_bernardo,390,287,497,658
657.jpg,960,1280,san_bernardo,133,113,360,756
335.jpg,1280,960,san_bernardo,483,343,869,574
700.jpg,960,1280,san_bernardo,254,70,486,967
241.jpg,960,1280,san_bernardo,254,174,639,1078
135.jpg,960,1280,san_bernardo,411,338,564,931
493.jpg,960,1280,san_bernardo,782,474,937,838
525.jpg,960,1280,san_bernardo,506,518,617,745
913.jpg,960,1280,san_bernardo,566,254,725,682
143.jpg,960,1280,san_bernardo,402,410,521,852
965.jpg,960,1280,san_bernardo,332,153,557,970
454.jpg,960,1280,san_bernardo,441,438,500,612
601.jpg,960,1280,san_bernardo,446,115,720,1110
138.jpg,960,1280,san_bernardo,407,327,570,928
6.jpg,960,1280,san_bernardo,358,104,577,963
482.jpg,960,1280,san_bernardo,658,694,765,1064
205.jpg,960,1280,san_bernardo,352,480,533,911
125.jpg,960,1280,san_bernardo,378,202,585,935
748.jpg,960,1280,san_bernardo,354,168,529,798
771.jpg,960,1280,san_bernardo,273,452,644,844
462.jpg,960,1280,san_bernardo,437,283,577,784
402.jpg,1280,960,san_bernardo,148,97,1192,847
882.jpg,960,1280,san_bernardo,486,333,660,844
176.jpg,960,1280,san_bernardo,340,279,583,913
142.jpg,960,1280,san_bernardo,403,329,571,929
810.jpg,960,1280,san_bernardo,173,477,336,918
237.jpg,960,1280,san_bernardo,254,192,649,1219
262.jpg,960,1280,san_bernardo,307,271,616,994
984.jpg,960,1280,san_bernardo,371,295,519,872
264.jpg,960,1280,san_bernardo,381,575,515,931
725.jpg,960,1280,san_bernardo,349,206,504,745
234.jpg,960,1280,san_bernardo,187,196,571,1181
682.jpg,960,1280,san_bernardo,406,205,635,1030
817.jpg,960,1280,san_bernardo,572,310,701,775
440.jpg,960,1280,san_bernardo,410,275,550,650
396.jpg,1280,960,san_bernardo,43,243,1209,557
756.jpg,960,1280,san_bernardo,302,140,503,853
933.jpg,960,1280,san_bernardo,95,115,285,792
193.jpg,960,1280,san_bernardo,389,449,495,785
829.jpg,960,1280,san_bernardo,170,365,309,676
169.jpg,960,1280,san_bernardo,320,328,575,960
945.jpg,960,1280,san_bernardo,73,196,215,676
873.jpg,960,1280,san_bernardo,163,280,333,684
864.jpg,960,1280,san_bernardo,557,260,699,770
852.jpg,960,1280,san_bernardo,118,219,319,894
901.jpg,960,1280,san_bernardo,579,199,737,734
221.jpg,960,1280,san_bernardo,261,333,582,1138
37.jpg,960,1280,san_bernardo,387,262,553,869
